,DA_Revenue,ID_Revenue,DA_Cost,ID_Cost,Total_Profit,Profit [EUR/kW]
Scenario_0,5153115.598691484,174913.26116400128,0.0,1744375.3876426672,3583653.472212818,35.83653472212818
