,DA_Revenue,ID_Revenue,DA_Cost,ID_Cost,Total_Profit,Profit [EUR/kW]
Scenario_0,3599660.0302547365,-38387.96139908221,0.0,512286.71512476297,3048985.3537308914,30.489853537308914
Scenario_1,3746300.5710053598,-21766.46651072149,0.0,295646.48352920945,3428887.6209654287,34.28887620965428
Scenario_2,3739781.7297935607,1097.0450204744348,0.0,492754.05390590907,3248124.7209081263,32.48124720908126
Scenario_3,3703106.309209184,924.8508174453126,0.0,917640.9112001875,2786390.2488264414,27.863902488264415
