,DA_Revenue,ID_Revenue,DA_Cost,ID_Cost,Total_Profit,Profit [EUR/kW]
Scenario_0,3572522.812508175,-29940.42374424511,0.0,591913.6521401175,2950668.7366238125,29.506687366238125
Scenario_1,3734444.589180813,-31370.423390590367,0.0,304060.3230952501,3399013.8426949726,33.99013842694973
Scenario_2,3803291.6294444087,-7294.834680003516,0.0,547957.713331561,3248039.081432844,32.48039081432844
Scenario_3,3699368.286726412,6308.203861652671,0.0,870618.0294629844,2835058.4611250805,28.350584611250806
