Scenario_0,Scenario_1
74731.47115288171,74301.72430991684
144879.22809511,159353.90507014282
53135.28282951,47971.769083978
2643.3279327033115,2502.4031988592083
3033.7873053675285,2879.674415312112
115504.29421791289,100822.93016263549
0.0,0.0
0.0,0.0
87596.70668317171,93691.72998601472
44781.12,44781.12
3591.600000000001,3591.600000000001
89.73278334213688,89.69477314009326
