Scenario,RES Share
Scenario_0,0.7616898307985697
Scenario_1,0.7918835428185146
Scenario_2,0.8114627385141017
Scenario_3,0.7974982042927948
