Scenario,RES Share
Scenario_0,0.7711611486050454
Scenario_1,0.7994185819812318
