Scenario,RES Share
Scenario_0,0.8000000000001617
Scenario_1,0.8251910916635014
Scenario_2,0.8394783845702454
Scenario_3,0.832954196749668
