Scenario,CO2 Intensity [tCO2/MWh]
Scenario_0,92.30798771666363
Scenario_1,81.73467768559617
Scenario_2,73.19730291446965
Scenario_3,77.47332320568631
