Scenario,CO2 Intensity [tCO2/MWh]
Scenario_0,76.2579202951425
Scenario_1,67.4445202242779
Scenario_2,61.203434290746564
Scenario_3,63.366829404169046
