Scenario,CO2 Intensity [tCO2/MWh]
Scenario_0,88.29694761181894
Scenario_1,77.84877255726605
