Scenario_0,Scenario_1
86.12768582018411,78.90568710731043
69.04851646158082,57.61902843288488
124.37958461264766,124.44522673563351
196.16974609789932,210.41906809325815
188.6174841520398,199.61226321699147
133.8005639087871,135.37409011073765
0,0
0,0
54.436254887148124,45.7319516841178
110.55334527193428,105.3521981683447
115.94214630237185,113.03970888794152
321.065671641791,321.065671641791
92.02001293777256,83.47867051195212
