Scenario_0,Scenario_1
65462.37655218778,67772.77096509651
225104.7666010274,245788.9554399208
57504.031597610876,52856.48397136588
3523.299973819301,3504.0981498592564
1776.4703148667538,2112.8404831636744
219864.6880732015,192888.57240311714
0.0,0.0
0.0,0.0
128202.52703387367,136395.2420727534
44781.12,44781.12
3591.600000000001,3591.600000000001
178.02251704400305,294.8675147223547
