Scenario,RES Share
Scenario_0,0.6974913407399681
Scenario_1,0.7340447709509316
Scenario_2,0.7569270539074465
Scenario_3,0.7359706346694287
