Scenario,RES Share
Scenario_0,0.6995285623796004
Scenario_1,0.7349148965988499
