Scenario_0,Scenario_1
129851.64947084134,121388.47450031075
214816.81302225997,239065.6306859226
45517.794506599435,39854.78945012376
2558.3205417462405,2373.1033933479275
1256.3656699538822,1391.5840757751241
146058.22601081838,126888.3712772043
0.0,0.0
0.0,0.0
161441.82077785797,170496.4878269242
44780.398791255044,44780.968128442335
3591.5234310548585,3591.600000000001
164.7765946264771,155.5416618326122
