Scenario,CO2 Intensity [tCO2/MWh]
Scenario_0,74.61035833928838
Scenario_1,65.61646798179477
Scenario_2,60.01119843518056
Scenario_3,61.94326764811352
