Scenario,CO2 Intensity [tCO2/MWh]
Scenario_0,112.04438012201838
Scenario_1,99.60370649137403
