Scenario_0,Scenario_1
86.02218003920365,82.06941274514345
66.26923017320307,58.42429536173763
104.66839558387544,105.50463273187951
141.1094989326731,155.44232887788658
163.19279833187076,176.33141308770558
107.99636876433071,110.29505204214357
0,0
0,0
53.530991470118764,46.37254630970379
96.81225089033235,94.92385029421085
100.35025903617853,99.30903475638769
297.3771144278607,297.3771144278606
82.35595646722149,76.9582159998329
