Scenario,RES Share
Scenario_0,0.7999999999998259
Scenario_1,0.825570600788966
