Scenario,CO2 Intensity [tCO2/MWh]
Scenario_0,74.8493834761119
Scenario_1,65.59533215106308
