Scenario,RES Share
Scenario_0,0.7999999999997798
Scenario_1,0.8255350449346063
Scenario_2,0.8380264481668017
Scenario_3,0.8335355233906203
