Plant,CapNew[GW],CapExi[GW],CapOut[GW]
Offshore,0.0,8.456,0
Onshore,112.62884364017359,59.841,0
Biomass,0.0,8.577,0
Lignite,0.0,18.363,-9
Hard Coal,0.0,18.411,-10
Gas,29.639523822112967,36.255,0
Hydrogren,0.0,0.0,0
Nuclear,0.0,0.0,0
Solar PV,91.00248415424727,76.601,0
Hydro,0.0,5.112,0
Other RES,0.0,0.41,0
Other Conventional,0.0,8.813,0
