Scenario,CO2 Intensity [tCO2/MWh]
Scenario_0,112.30516829026281
Scenario_1,99.74597791687992
Scenario_2,89.99731236458105
Scenario_3,97.47208416913914
