Scenario_0,Scenario_1
59.07731917843989,53.4197603736332
45.87637353795375,37.087619515441645
103.78258149139066,105.06189538150561
139.35232486084612,158.79339679716782
161.24686218519872,183.29557871529693
107.59625225135015,109.98536372889073
0,0
0,0
36.75336308939521,29.575725020821015
88.9026641542925,86.76945294968147
93.1112683353329,91.46987920350875
297.3771144278607,297.3771144278607
65.40181651560212,58.296045303933035
