Scenario,CO2 Intensity [tCO2/MWh]
Scenario_0,102.17756962567695
Scenario_1,90.51610771291368
Scenario_2,81.92171391973328
Scenario_3,86.9003388171493
