Scenario,CO2 Intensity [tCO2/MWh]
Scenario_0,77.31092440068741
Scenario_1,68.32874818591942
Scenario_2,62.414515384879245
Scenario_3,64.17204018621416
