Scenario,RES Share
Scenario_0,0.7397755303569333
Scenario_1,0.7721560269252845
Scenario_2,0.7916204516790164
Scenario_3,0.7748706500614763
