Scenario,RES Share
Scenario_0,0.8000000000001609
Scenario_1,0.8248767314970651
Scenario_2,0.8386327711366276
Scenario_3,0.8326211492798039
