Scenario,RES Share
Scenario_0,0.8000000000001736
Scenario_1,0.8152313957627656
Scenario_2,0.8288070563570387
Scenario_3,0.8197942797277115
