Scenario,CO2 Intensity [tCO2/MWh]
Scenario_0,188.2467920508826
Scenario_1,180.9035513318706
Scenario_2,168.07721288497007
Scenario_3,179.4340157438634
